{"ETHUSDT":{"TotalTrades":3,"ProfitableTrades":1,"TotalProfit":-0.0299210690000000000,"MaxProfit":0.0038535240000000000,"MaxLoss":-0.0310805280000000000,"AvgProfit":-0.0099736896666666666666666667,"WinRate":0.3333333333333333333333333333,"Parameters":{}},"RAYUSDT":{"TotalTrades":0,"ProfitableTrades":0,"TotalProfit":0.0,"MaxProfit":0.0,"MaxLoss":0.0,"AvgProfit":0.0,"WinRate":0.0,"Parameters":{}},"KERNELUSDT":{"TotalTrades":0,"ProfitableTrades":0,"TotalProfit":0.0,"MaxProfit":0.0,"MaxLoss":0.0,"AvgProfit":0.0,"WinRate":0.0,"Parameters":{}},"STRAXUSDT":{"TotalTrades":3,"ProfitableTrades":1,"TotalProfit":-0.37200854900000000000,"MaxProfit":0.0079490800000000000,"MaxLoss":-0.19940799600000000000,"AvgProfit":-0.1240028496666666666666666667,"WinRate":0.3333333333333333333333333333,"Parameters":{}},"GMTUSDT":{"TotalTrades":1,"ProfitableTrades":0,"TotalProfit":-0.0038396500000000000,"MaxProfit":0,"MaxLoss":-0.0038396500000000000,"AvgProfit":-0.0038396500000000000,"WinRate":0,"Parameters":{}},"TAOUSDT":{"TotalTrades":1,"ProfitableTrades":0,"TotalProfit":-0.0077552000000000000,"MaxProfit":0,"MaxLoss":-0.0077552000000000000,"AvgProfit":-0.0077552000000000000,"WinRate":0,"Parameters":{}},"CAKEUSDT":{"TotalTrades":1,"ProfitableTrades":1,"TotalProfit":0.0004291200000000000,"MaxProfit":0.0004291200000000000,"MaxLoss":0,"AvgProfit":0.0004291200000000000,"WinRate":1,"Parameters":{}},"JASMYUSDT":{"TotalTrades":1,"ProfitableTrades":0,"TotalProfit":-0.0893466830000000000,"MaxProfit":0,"MaxLoss":-0.0893466830000000000,"AvgProfit":-0.0893466830000000000,"WinRate":0,"Parameters":{}},"RENDERUSDT":{"TotalTrades":1,"ProfitableTrades":0,"TotalProfit":-0.0197446500000000000,"MaxProfit":0,"MaxLoss":-0.0197446500000000000,"AvgProfit":-0.0197446500000000000,"WinRate":0,"Parameters":{}},"MBOXUSDT":{"TotalTrades":1,"ProfitableTrades":0,"TotalProfit":-0.2089863600000000000,"MaxProfit":0,"MaxLoss":-0.2089863600000000000,"AvgProfit":-0.2089863600000000000,"WinRate":0,"Parameters":{}}}